Designator,Quantity,Value,Footprint,Package,MPN,DNP,Mount_Type,Description,Voltage,tolerance,Source,Digikey Part #,tempco,LCSC Part #,Sim.Pins
"C1, C2, C3, C4, C5, C6, C7, C8",8,20p,C_0603_1608Metric,,,,smt,Unpolarized capacitor,>200V,1%,https://www.digikey.com/en/products/detail/cal-chip-electronics-inc/CHV0603N250200FCT/22155314,4713-CHV0603N250200FCT-ND,NP0,,
"C10, C13, C14, C9",4,220p,C_0805_2012Metric,,,,smt,,50V,1%,https://www.digikey.com/en/products/detail/yageo/CC0805FRNPO9BN221/5883936,311-4172-1-ND,COG/NP0,C541563,
"C11, C12",2,30p,C_0603_1608Metric,,,,smt,Unpolarized capacitor,50V,5%,https://www.digikey.com/en/products/detail/stackpole-electronics-inc/CML0603C0G300JT50V/10659967,738-CML0603C0G300JT50VCT-ND,COG/NP0,C1658,
"C15, C16",2,8-29p,C_Trimmer_Voltronics_JR,,,,smt,Trimmable capacitor,,,https://www.digikey.com/en/products/detail/ew-electronics/SGC3S300NM/11689290,2447-SGC3S300NMCT-ND,,C22468123,
"C17, C18",2,1p,C_0402_1005Metric,,,,smt,Unpolarized capacitor,50V,±0.25p,https://www.digikey.com/en/products/detail/yageo/CC0402CPNPO9BN1R0/11489907,13-CC0402CPNPO9BN1R0CT-ND,COG/NP0,C1550,
"C19, C21",2,2p,C_0402_1005Metric,,,,smt,Unpolarized capacitor,50V,±0.25p,https://www.digikey.com/en/products/detail/yageo/CC0402CPNPO9BN2R0/11489528,13-CC0402CPNPO9BN2R0CT-ND,COG/NP0,C1558,
"C20, C24, C26, C28",4,10n,C_0402_1005Metric,,,,smt,Unpolarized capacitor,50V,10%,https://www.digikey.com/en/products/detail/kemet/C0402C103K5RACTU/501968,399-C0402C103K5RACTUCT-ND,X7R,C15195,
"C22, C25, C27, C29, C31",5,100n,C_0402_1005Metric,,,,smt,Unpolarized capacitor,50V,10%,https://www.digikey.com/en/products/detail/kyocera-avx/KGM05CR71H104KH/6564238,478-KGM05CR71H104KHCT-ND,X7R,C307331,
"C23, C30, C33",3,2.2u,C_0603_1608Metric,,,,smt,Unpolarized capacitor,35V,20%,https://www.digikey.com/en/products/detail/murata-electronics/GRM188R6YA225MA12D/5027571,490-10486-1-ND,X5R,C77047,
"C32, C34",2,1u,C_0402_1005Metric,,,,smt,Unpolarized capacitor,35V,10%,https://www.digikey.com/en/products/detail/murata-electronics/GRM155R61H105KE05D/13531808,490-GRM155R61H105KE05DCT-ND,X5R,C52923,
"C35, C36",2,4.7u,C_0603_1608Metric,,,,smt,Unpolarized capacitor,25V,20%,https://www.digikey.com/en/products/detail/murata-electronics/GRM188R61E475KE11D/3900465,490-7203-1-ND,X5R,C19666,
"D1, D2",2,BAV199,SOT-23W,,,,smt,"BAV99 High-speed switching diodes, SOT-23",,,https://www.digikey.com/en/products/detail/diotec-semiconductor/BAV199/13164606,4878-BAV199CT-ND,,C68971,
D3,1,LED,LED_0603_1608Metric,,,,smt,Light emitting diode,,,https://www.digikey.com/en/products/detail/inolux/IN-S63BT5UW/7604936,1830-1070-1-ND,,C2290,1=K 2=A
"FB1, FB2",2,FerriteBead,L_0603_1608Metric,,,,smt,Ferrite bead,,,https://www.digikey.com/en/products/detail/MPZ1608S102ATA00/445-8694-1-ND/3078632?itemSeq=313936277,445-MPZ1608S102ATA00CT-ND,,C76814,
J1,1,SMA,SMA_Samtec_SMA-J-P-H-ST-EM1_EdgeMount,,,,smt,"coaxial connector (BNC, SMA, SMB, SMC, Cinch/RCA, LEMO, ...)",,,https://www.digikey.com/en/products/detail/samtec-inc/SMA-J-P-H-ST-EM1/2602450,SAM8857-ND,,C496550,
J2,1,5.08 mm spacing pin header,PinHeader_1x03_P2.54mm_Horizontal,,,,tht,"Generic connector, single row, 01x02, script generated",,,https://www.digikey.nl/nl/products/detail/adam-tech/PH1RB-03-UA/9830403,2057-PH1RB-03-UA-ND,,C3335189,
J3,1,-V,PinHeader_1x01_P2.54mm_Vertical,,,,tht,"Generic connector, single row, 01x01, script generated (kicad-library-utils/schlib/autogen/connector/)",,,https://www.digikey.nl/nl/products/detail/adam-tech/PH1-01-UA/9830231,2057-PH1-01-UA-ND,,C2932699,
J4,1,+V,PinHeader_1x01_P2.54mm_Vertical,,,,tht,"Generic connector, single row, 01x01, script generated (kicad-library-utils/schlib/autogen/connector/)",,,https://www.digikey.nl/nl/products/detail/adam-tech/PH1-01-UA/9830231,2057-PH1-01-UA-ND,,C2932699,
"R1, R2, R3, R4, R5, R6, R7, R8",8,1.24Meg,R_0805_2012Metric,,,,smt,Resistor,,1%,https://www.digikey.com/en/products/detail/yageo/RC0805FR-071M24L/727473,311-1.24MCRCT-ND,,C409955,
"R10, R12",2,1.6k,R_0603_1608Metric,,,,smt,Resistor,,1%,https://www.digikey.com/en/products/detail/bourns-inc/CR0603-FX-1601ELF/3783762,CR0603-FX-1601ELFCT-ND,,C22847,
"R11, R9",2,47.5k,R_0603_1608Metric,,,,smt,Resistor,,1%,https://www.digikey.com/en/products/detail/yageo/RC0603FR-0747K5L/727255,311-47.5KHRCT-ND,,C23061,
"R13, R14",2,22Ω,R_0603_1608Metric,,,,smt,Resistor,,1%,https://www.digikey.com/en/products/detail/yageo/RC0603FR-0722RL/727055,311-22.0HRCT-ND,,C23345,
R15,1,750Ω,R_0603_1608Metric,,,,smt,Resistor,,1%,https://www.digikey.com/en/products/detail/yageo/AC0603FR-07750RL/5896283,YAG3628CT-ND,,C23241,
"R16, R17",2,1.5k,R_0603_1608Metric,,,,smt,Resistor,,1%,https://www.digikey.com/en/products/detail/stackpole-electronics-inc/RMCF0603FT1K50/1761186,RMCF0603FT1K50CT-ND,,C22843,
"R18, R19, R29",3,1k,R_0603_1608Metric,,,,smt,Resistor,,"[R18,R19]0.1%; [R29]1%",https://www.digikey.com/en/products/detail/susumu/RG1608P-102-B-T5/1240449,RG16P1.0KBCT-ND,25ppm/C,"[R18,R19]C110776; [R29]C21190",
R20,1,1.96k,R_0603_1608Metric,,,,smt,Resistor,,0.1%,https://www.digikey.com/en/products/detail/panasonic-electronic-components/ERA-3AEB1961V/2026773,P1.96KDBCT-ND,25ppm/C,C861213,
"R21, R25, R28",3,2k,R_0603_1608Metric,,,,smt,Resistor,,"[R21]0.1%; [R25,R28]1%",https://www.digikey.com/en/products/detail/panasonic-electronic-components/ERA-3AEB202V/1465861,P2.0KDBCT-ND,25ppm/C,C136954,
R22,1,51Ω,R_0603_1608Metric,,,,smt,Resistor,,1%,https://www.digikey.com/en/products/detail/yageo/RC0603FR-0751RL/727281,311-51.0HRCT-ND,,C23197,
R23,1,12k,R_0603_1608Metric,,,,smt,Resistor,,1%,https://www.digikey.com/en/products/detail/stackpole-electronics-inc/RMCF0603FT12K0/1761297,RMCF0603FT12K0CT-ND,,C22790,
R24,1,39Ω,R_0603_1608Metric,,,,smt,Resistor,,1%,https://www.digikey.com/en/products/detail/yageo/RC0603FR-0739RL/727194,311-39.0HRCT-ND,,C23154,
"R26, R27",2,10k,R_0603_1608Metric,,,,smt,Resistor,,1%,https://www.digikey.com/en/products/detail/yageo/RT0603FRE0710KL/1075040,YAG2321CT-ND,,C25804,
"R30, R31",2,1Ω,R_0603_1608Metric,,,,smt,Resistor,,5%,https://www.digikey.com/en/products/detail/yageo/RC0603JR-071RL/726676,311-1.0GRCT-ND,,C22936,
R32,1,3Ω,R_0603_1608Metric,,,,smt,Resistor,,5%,https://www.digikey.com/en/products/detail/yageo/RC0603JR-073RL/726753,311-3.0GRCT-ND,,C23157 ,
"RV1, RV2",2,2k,Potentiometer_Bourns_3224J_Horizontal,,,,smt,"Trim-potentiometer, US symbol",,20%,https://www.digikey.com/en/products/detail/bourns-inc/TC33X-2-202E/612860,TC33X-202ECT-ND,,C720647,
U1,1,OPA2810IDGKR,MSOP-8-1EP_3x3mm_P0.65mm_EP1.68x1.88mm,,,,smt,"Dual 500MHz Ultra-Low Bias  Current FET Input Op Amps, MSOP-8",,,https://www.digikey.com/en/products/detail/texas-instruments/OPA2810IDGKR/9489204,296-50210-1-ND,,C2864204,
U2,1,OPA810IDBVR,TSOT-23-6,,,,smt,"500Mhz, Ultra-Low Bias Current, FET Input, Op Amp, TSOT-23",,,https://www.digikey.com/en/products/detail/texas-instruments/OPA810IDBVR/15856819,296-OPA810IDBVRCT-ND,,C2833513,
U4,1,LM7301DBV,SOT-23-5,,,,smt,"Rail-to-Rail Input/Output Operational Amplifier, SOT-23-5",,,https://www.digikey.com/en/products/detail/texas-instruments/LM7301IM5X-NOPB/367325,LM7301IM5X/NOPBCT-ND,,C468181,
